Title,Company,Location,Salary Min,Salary Max,Date Posted,Source,Contract Type,URL
Account Manager,M TWO Search Ltd.,"North London, N15 4FH",,,25/02/2026,Reed,,https://www.reed.co.uk/jobs/56539966
Graduate Executive Search Consultant,Virtus Talent,"City of London, EC1A 9HZ",32500.0,50000.0,23/02/2026,Reed,,https://www.reed.co.uk/jobs/56519815
Desk Quant Analyst,eFinancialCareers,London,,,23/02/2026,Reed,,https://www.reed.co.uk/jobs/56518969
Data Analyst / Junior Data Scientist,Akkodis,"Spitalfields, East London",34000,38000,2026-03-15,Adzuna,,https://www.adzuna.co.uk/jobs/details/5666070818
Junior IT Business Analyst,Gold Group,"Liverpool Street, Central London",45000,45000,2026-03-15,Adzuna,,https://www.adzuna.co.uk/jobs/details/5666070680
Junior Data Analyst,TRIA,"Victoria, South West London",35000,40000,2026-03-15,Adzuna,,https://www.adzuna.co.uk/jobs/details/5666070263
AI Data Analyst,Hays Technology,"The City, Central London",30000,37200,2026-03-15,Adzuna,contract,https://www.adzuna.co.uk/jobs/details/5666069557
Junior Data Scientist / Data Analyst,Akkodis,"Spitalfields, East London",34000,38000,2026-03-15,Adzuna,permanent,https://www.adzuna.co.uk/jobs/details/5666069484
Junior Solutions Data Analyst,Broadridge Trading & Connectivity Solutions,"London, UK",59579.2,59579.2,2026-03-14,Adzuna,,https://www.adzuna.co.uk/jobs/land/ad/5665353423
Digital Consultant,AECOM,"London, UK",44758.64,44758.64,2026-03-13,Adzuna,,https://www.adzuna.co.uk/jobs/details/5664204852
Junior Project Manager,EL&N Limited,"Knightsbridge, South West London",30000,30000,2026-03-13,Adzuna,,https://www.adzuna.co.uk/jobs/land/ad/5663832427
Automation Engineer,Fast Technologies,"London, UK",50000,50000,2026-03-12,Adzuna,,https://www.adzuna.co.uk/jobs/land/ad/5662344366
Trainee Junior Project Manager,ITOL Recruit,"London, UK",30000,38000,2026-03-11,Adzuna,permanent,https://www.adzuna.co.uk/jobs/details/5661792969
Trainee Project Administrator,ITOL Recruit,"London, UK",30000,38000,2026-03-11,Adzuna,permanent,https://www.adzuna.co.uk/jobs/details/5661646204
AI Operations Analyst,Checkatrade,"Moorgate, Central London",54172.98,54172.98,2026-03-11,Adzuna,,https://www.adzuna.co.uk/jobs/details/5661494701
Project Manager,Ernest and Florent,"Piccadilly, West London",55000,65000,2026-03-11,Adzuna,permanent,https://www.adzuna.co.uk/jobs/details/5661103598
Project Manager Trainee,ITOL Recruit,"Twickenham, London",30000,45000,2026-03-10,Adzuna,permanent,https://www.adzuna.co.uk/jobs/details/5660298171
Project Engineer,PM Group,"South East London, London",41500.35,41500.35,2026-03-10,Adzuna,contract,https://www.adzuna.co.uk/jobs/land/ad/5660284026
Application Support Specialist,Royal London Group,"London, UK",52085.53,52085.53,2026-03-09,Adzuna,permanent,https://www.adzuna.co.uk/jobs/details/5659529924
Data Analyst Trainee,ITOL Recruit,"London, UK",30000,50000,2026-03-09,Adzuna,permanent,https://www.adzuna.co.uk/jobs/land/ad/5659516990
Project Manager,Ernest and Florent LTD,"Covent Garden, Central London",55000,65000,2026-03-09,Adzuna,,https://www.adzuna.co.uk/jobs/land/ad/5659495876
Junior Project Manager - ERP,Safer Hand Solutions,"London, UK",40000,60000,2026-03-09,Adzuna,,https://www.adzuna.co.uk/jobs/details/5659469844
Data Science Trainee,ITOL Recruit,"Twickenham, London",30000,50000,2026-03-09,Adzuna,permanent,https://www.adzuna.co.uk/jobs/land/ad/5659415357
Junior Robotic Project Assistant Business Analyst,Diamond Blaque HR Solutions,"Southwark, South East London",32593,42286,2026-03-09,Adzuna,contract,https://www.adzuna.co.uk/jobs/land/ad/5659387196
Technical Business Analyst,Valcon,"The City, Central London",59899.73,59899.73,2026-03-07,Adzuna,,https://www.adzuna.co.uk/jobs/land/ad/5657480825
Product Partnerships Associate,INSTANDA,"Monument, Central London",51686.9,51686.9,2026-03-06,Adzuna,,https://www.adzuna.co.uk/jobs/details/5656462743
Junior Data Analyst,Anson Mccade,"The City, Central London",53782.38,53782.38,2026-03-05,Adzuna,contract,https://www.adzuna.co.uk/jobs/details/5655614685
AI Research Analyst (R&D),Hireful,"Central London, London",50000,50000,2026-03-05,Adzuna,,https://www.adzuna.co.uk/jobs/details/5655614054
AI Research Analyst (R&D),hireful.,"London, UK",40000,50000,2026-03-05,Adzuna,permanent,https://www.adzuna.co.uk/jobs/land/ad/5655092051
AI & Data Analyst,PMC Treasury,"The City, Central London",52439.8,52439.8,2026-03-05,Adzuna,,https://www.adzuna.co.uk/jobs/land/ad/5655061463
Plant Supervisor,Veolia,"London, UK",33700,33700,2026-03-05,Adzuna,,https://www.adzuna.co.uk/jobs/land/ad/5654981415
AI Engineer,Oscar Technology,"London, UK",40000,50000,2026-03-04,Adzuna,permanent,https://www.adzuna.co.uk/jobs/land/ad/5653858516
Junior Solutions Engineer,V-Nova,"Paddington, West London",41025.62,41025.62,2026-03-04,Adzuna,permanent,https://www.adzuna.co.uk/jobs/details/5653701223
Programme Health Analyst,Multiverse,"London, UK",39522.49,39522.49,2026-03-04,Adzuna,,https://www.adzuna.co.uk/jobs/details/5653648762
Trainee Data Analyst,ITOL Recruit,"Enfield, London",30000,50000,2026-03-04,Adzuna,permanent,https://www.adzuna.co.uk/jobs/land/ad/5653496052
Clinical Logistics Associate,Parkside Office Professional,"Uxbridge, London",53482.09,53482.09,2026-03-03,Adzuna,permanent,https://www.adzuna.co.uk/jobs/details/5652525194
Junior AI Data Engineer,Hireful,"Central London, London",40000,40000,2026-03-03,Adzuna,,https://www.adzuna.co.uk/jobs/details/5652419202
Junior Business Analyst (Japanese Speaking),STEM,"London, UK",36084.75,36084.75,2026-03-03,Adzuna,permanent,https://www.adzuna.co.uk/jobs/details/5652390805
Clinical Logistics Associate,Parkside,"Hillingdon, Uxbridge",36176.3,36176.3,2026-03-03,Adzuna,contract,https://www.adzuna.co.uk/jobs/land/ad/5652337928
Submissions Development Representative,Chambers and Partners,London,,,20/02/2026,Reed,,https://www.reed.co.uk/jobs/56505880
Business Development Executive,Norton Rose Fulbright LLP,London,,,20/01/2026,Reed,,https://www.reed.co.uk/jobs/56354495
Investment Oversight Data Scientist: Professional Placement Year Internship - AXA Investment Managers,eFinancialCareers,London,,,19/02/2026,Reed,,https://www.reed.co.uk/jobs/56496100
Brand & Growth Executive,BrighterBox,"City of London, EC1N 8JG",30000.0,32000.0,19/02/2026,Reed,,https://www.reed.co.uk/jobs/56489719
Expanse Pharmacy Analyst (Maternity Cover),HCA Healthcare UK,"South East London, SE1 9BG",,,18/02/2026,Reed,,https://www.reed.co.uk/jobs/56488435
Graduate Executive Search Researcher,Virtus Talent,"West End, WC1A 1NL",32500.0,50000.0,17/02/2026,Reed,,https://www.reed.co.uk/jobs/56478204
Junior Solutions Data Analyst,eFinancialCareers,London,,,16/03/2026,Reed,,https://www.reed.co.uk/jobs/56647189
Clinical Specialist Nuclear Medicine Technologist,HCA Healthcare UK,"North West London, NW8 9LE",,,16/02/2026,Reed,,https://www.reed.co.uk/jobs/56475347
Non-Linear Credit Quant Research - VP - Morgan McKinley,eFinancialCareers,London,,,15/03/2026,Reed,,https://www.reed.co.uk/jobs/56646557
PMO Governance Analyst,eFinancialCareers,London,,,15/03/2026,Reed,,https://www.reed.co.uk/jobs/56646947
Customer Data Architect - Associate Manager,Accenture,London,,,14/10/2025,Reed,,https://www.reed.co.uk/jobs/55921638
"Intern Analyst, Restructuring - Interpath Advisory",eFinancialCareers,London,,,14/03/2026,Reed,,https://www.reed.co.uk/jobs/56645308
"Intern Analyst, Contentious Insolvency - Interpath Advisory",eFinancialCareers,London,,,14/03/2026,Reed,,https://www.reed.co.uk/jobs/56645320
"Intern Analyst, Value Creations - Interpath Advisory",eFinancialCareers,London,,,14/03/2026,Reed,,https://www.reed.co.uk/jobs/56645292
"Intern Analyst, Asset Tracing & Complex Investigations - Interpath Advisory",eFinancialCareers,London,,,14/03/2026,Reed,,https://www.reed.co.uk/jobs/56645301
"Intern Analyst, Data and Technology - Interpath Advisory",eFinancialCareers,London,,,14/03/2026,Reed,,https://www.reed.co.uk/jobs/56645323
UK Commercial Bank - Consumer & Retail Associate AVP - Citi,eFinancialCareers,London,,,14/03/2026,Reed,,https://www.reed.co.uk/jobs/56645534
Digital Program Specialist - IT Risk and Program Management Base in Beijing - Asian Infrastructure Investment Bank,eFinancialCareers,London,,,14/02/2026,Reed,,https://www.reed.co.uk/jobs/56470857
Speech & Language Therapist,The Guardian,London,,,13/03/2026,Reed,,https://www.reed.co.uk/jobs/56638304
Junior Product Analyst,Reed.co.uk,"West End, WC2B 5LX",32000.0,40000.0,13/02/2026,Reed,,https://www.reed.co.uk/jobs/56468403
Junior Risk Manager,eFinancialCareers,London,,,13/02/2026,Reed,,https://www.reed.co.uk/jobs/56465301
Graduate consulting analyst - private equity,eFinancialCareers,London,,,13/02/2026,Reed,,https://www.reed.co.uk/jobs/56470250
Junior Discretionary Trader,eFinancialCareers,London,,,13/02/2026,Reed,,https://www.reed.co.uk/jobs/56465294
Data Scientist & Engineer,Gails,"North West London, NW1 8QH",,,12/03/2026,Reed,,https://www.reed.co.uk/jobs/56635068
Portfolio Strategy Analyst,Virgin Money,London,39200.0,49000.0,12/03/2026,Reed,,https://www.reed.co.uk/jobs/56633045
Graduate Investment Analyst,Broadstone,London,33000.0,33000.0,12/03/2026,Reed,,https://www.reed.co.uk/jobs/56636525
Laboratory Quality Manager,HCA Healthcare UK,"West End, WC1E 6JA",,,10/03/2026,Reed,,https://www.reed.co.uk/jobs/56623553
Python Engineer - Crypto- Global Quant Firm,eFinancialCareers,London,,,09/03/2026,Reed,,https://www.reed.co.uk/jobs/56609545
Infrastructure Debt Advisory Associate - Jefferies,eFinancialCareers,London,,,09/03/2026,Reed,,https://www.reed.co.uk/jobs/56608475
Private Client Advice Business Assurance Analyst - Fisher Investments,eFinancialCareers,London,,,09/03/2026,Reed,,https://www.reed.co.uk/jobs/56608593
Major Banks - Corporate Banking Analyst,eFinancialCareers,London,,,09/03/2026,Reed,,https://www.reed.co.uk/jobs/56608622
Market Regulation Analyst - Intercontinental Exchange,eFinancialCareers,London,,,09/03/2026,Reed,,https://www.reed.co.uk/jobs/56608635
Graduate Quantitative Analyst Entry Level,eFinancialCareers,London,,,09/03/2026,Reed,,https://www.reed.co.uk/jobs/56608529
Structured Credit Quant Research VP - Morgan McKinley,eFinancialCareers,London,,,09/03/2026,Reed,,https://www.reed.co.uk/jobs/56609122
UK Commercial Bank - Industrials Associate AVP - Citi,eFinancialCareers,London,,,09/03/2026,Reed,,https://www.reed.co.uk/jobs/56608581
Equity Research Associate - Bernstein Autonomous Research,eFinancialCareers,London,,,09/03/2026,Reed,,https://www.reed.co.uk/jobs/56608931
"Associate, Discretionary Investment Specialists - Man Group plc",eFinancialCareers,London,,,09/03/2026,Reed,,https://www.reed.co.uk/jobs/56608675
Project Manager,eFinancialCareers,London,,,09/03/2026,Reed,,https://www.reed.co.uk/jobs/56608897
C/C++ Core Systems- Innovative Algo Trading,eFinancialCareers,London,,,09/03/2026,Reed,,https://www.reed.co.uk/jobs/56608901
"Analyst, Quantitative Research - Intercontinental Exchange",eFinancialCareers,London,,,09/03/2026,Reed,,https://www.reed.co.uk/jobs/56609669
Finance Analyst - Financial Services - Michael Page,eFinancialCareers,London,,,09/03/2026,Reed,,https://www.reed.co.uk/jobs/56609724
External Custody Analyst - SEI Investments Europe Ltd.,eFinancialCareers,London,,,09/03/2026,Reed,,https://www.reed.co.uk/jobs/56609459
Executive Search Consultant – Graduate,Virtus Talent,"City of London, EC3A 6AP",32500.0,50000.0,09/02/2026,Reed,,https://www.reed.co.uk/jobs/56444082
Digital Program Specialist - AI & Innovation Platform Base in Beijing - Asian Infrastructure Investment Bank,eFinancialCareers,London,,,09/02/2026,Reed,,https://www.reed.co.uk/jobs/56448285
Graduate Flood Risk and Drainage Consultant,SME Graduate Employment Ltd,London,28000.0,30000.0,09/02/2026,Reed,,https://www.reed.co.uk/jobs/56448056
Product Manager - A.M. Best Europe - Rating Services Ltd,eFinancialCareers,London,,,08/02/2026,Reed,,https://www.reed.co.uk/jobs/56442140
Protection Administrator (Financial Services),Your Resourcing Partner Limited,"City of London, EC2V 5DE",25000.0,30000.0,07/02/2026,Reed,,https://www.reed.co.uk/jobs/56440556
SOC Analyst - Berenberg Bank,eFinancialCareers,London,,,07/02/2026,Reed,,https://www.reed.co.uk/jobs/56440157
Trainee Estate Agent,Turner Wise,"South West London, SW11 1AH",22000.0,50000.0,06/03/2026,Reed,,https://www.reed.co.uk/jobs/56589496
"Trainee Estate Agent- £50,000 OTE - Training Provided",Turner Wise,"South West London, SW11 1AF",22000.0,50000.0,06/03/2026,Reed,,https://www.reed.co.uk/jobs/56589489
Trainee Data Analyst,The Guardian,"South East London, SE18 6HQ",30000.0,65000.0,05/03/2026,Reed,,https://www.reed.co.uk/jobs/56581178
Graduate Data Analyst,Ashdown Group,London,33000.0,35000.0,04/03/2026,Reed,,https://www.reed.co.uk/jobs/56580198
Cyber Security Incident Response CSIRT Specialist,Appcast Enterprise,Sunbury-on-Thames,,,04/03/2026,Reed,,https://www.reed.co.uk/jobs/56575071
Onsite Software Support Specialist,Brock Solutions,"Twickenham, TW6 1EW",,,04/02/2026,Reed,,https://www.reed.co.uk/jobs/56427857
Industry Specialist,eFinancialCareers,London,,,04/02/2026,Reed,,https://www.reed.co.uk/jobs/56420876
Civil Design Engineer - Operations T&E,NG Bailey,London,,,03/10/2025,Reed,,https://www.reed.co.uk/jobs/55869174
Graduate Executive Search,Virtus Talent,"West End, WC1A 2NJ",32500.0,50000.0,03/03/2026,Reed,,https://www.reed.co.uk/jobs/56569061
Credit Analyst - Vice President - Tikehau Investment Management - Annonces,eFinancialCareers,London,,,02/03/2026,Reed,,https://www.reed.co.uk/jobs/56558827
Product Manager - Private Credit,eFinancialCareers,London,,,01/01/2026,Reed,,https://www.reed.co.uk/jobs/56265682
Quantitative Analyst,eFinancialCareers,London,,,01/01/2026,Reed,,https://www.reed.co.uk/jobs/56265670
